{
    "parsed_loghub_ecs": {
        "PMSS": 0.5333333333333333,
        "GA": 0.8666666666666667,
        "FGA": 0.8695652173913043,
        "PA": 0.3333333333333333,
        "FTA": 0.3333333333333333,
        "ED": 10.2,
        "NED": 0.8967313172689517,
        "GGD": 0.08333333333333333,
        "PGD": 0.09090909090909091,
        "Time(s)": 94.35252380900056,
        "LLM Invocations": 26,
        "Total Tokens": 16758,
        "llm_timeouts": 0,
        "failed_invocations": 0,
        "failure_rate": 0.0
    }
}