{
    "logbatcher": {
        "PMSS": 0.8784,
        "GA": 0.6563165709121426,
        "FGA": 0.2873171709076337,
        "PA": 0.4114324446452779,
        "FTA": 0.2774518021793797,
        "ED": 13.770963785423794,
        "NED": 0.7719411066273159,
        "GGD": 2.1835708298407375,
        "PGD": 0.27804107424960506,
        "Time(s)": 582.9719716030013,
        "LLM Invocations": 475,
        "Total Tokens": 814392,
        "llm_timeouts": 0,
        "failed_invocations": 0,
        "failure_rate": 0.0
    },
    "librelog": {
        "PMSS": 0.9644,
        "GA": 0.8511716480537086,
        "FGA": 0.8927536231884058,
        "PA": 0.48186043509134335,
        "FTA": 0.45766974015088013,
        "ED": 4.758537215157188,
        "NED": 0.9150945044439133,
        "GGD": 0.024308466051969825,
        "PGD": 0.25040916530278234,
        "Time(s)": 2253.4261800930035,
        "LLM Invocations": 3912,
        "Total Tokens": 1587350,
        "llm_timeouts": 0,
        "failed_invocations": 0,
        "failure_rate": 0.0
    },
    "parsed_loghub_ecs": {
        "PMSS": 0.0,
        "GA": 1.0,
        "FGA": 1.0,
        "PA": 1.0,
        "FTA": 1.0,
        "ED": 0.0,
        "NED": 1.0,
        "GGD": 0.0,
        "PGD": 0.0,
        "Time(s)": 0.015023977997770999,
        "LLM Invocations": 1,
        "Total Tokens": 0,
        "llm_timeouts": 0,
        "failed_invocations": 0,
        "failure_rate": 0.0
    }
}