{
    "logbatcher": {
        "PMSS": 0.8784,
        "GA": 0.6563165709121426,
        "FGA": 0.2873171709076337,
        "PA": 0.4114324446452779,
        "FTA": 0.2774518021793797,
        "ED": 13.770963785423794,
        "NED": 0.7719411066273159,
        "GGD": 2.1835708298407375,
        "PGD": 0.27804107424960506,
        "Time(s)": 582.9719716030013,
        "LLM Invocations": 475,
        "Total Tokens": 814392,
        "llm_timeouts": 0,
        "failed_invocations": 0,
        "failure_rate": 0.0
    },
    "librelog": {
        "PMSS": 0.965,
        "GA": 0.8791879155638758,
        "FGA": 0.8944305901911886,
        "PA": 0.5053256729714027,
        "FTA": 0.46018440905280805,
        "ED": 4.350397004712414,
        "NED": 0.9230938328832743,
        "GGD": 0.016764459346186086,
        "PGD": 0.2407254740313273,
        "Time(s)": 35.29844035900169,
        "LLM Invocations": 0,
        "Total Tokens": 0,
        "llm_timeouts": 0,
        "failed_invocations": 0,
        "failure_rate": 0.0
    },
    "parsed_loghub_ecs": {
        "PMSS": 0.9752,
        "GA": 0.8391093398024606,
        "FGA": 0.7480314960629921,
        "PA": 0.7419857910240859,
        "FTA": 0.5175675675675676,
        "ED": 5.40582221452088,
        "NED": 0.8918129338442157,
        "GGD": 0.05945945945945946,
        "PGD": 2.7219387755102042,
        "Time(s)": 14401.863434881001,
        "LLM Invocations": 17387,
        "Total Tokens": 6847012,
        "llm_timeouts": 0,
        "failed_invocations": 0,
        "failure_rate": 0.0
    }
}