{
    "logbatcher": {
        "PMSS": 0.9122,
        "GA": 0.6327366139519949,
        "FGA": 0.2087725263515811,
        "PA": 0.284338123143614,
        "FTA": 0.31235955056179776,
        "ED": 24.428594364614273,
        "NED": 0.7548291518106899,
        "GGD": 4.608988764044944,
        "PGD": 0.7323717948717948,
        "Time(s)": 251.2687523880013,
        "LLM Invocations": 143,
        "Total Tokens": 330508,
        "llm_timeouts": 0,
        "failed_invocations": 0,
        "failure_rate": 0.0
    },
    "librelog": {
        "PMSS": 0.996,
        "GA": 0.9606538237011092,
        "FGA": 0.9454545454545454,
        "PA": 0.5529091262891613,
        "FTA": 0.54,
        "ED": 4.622533566841798,
        "NED": 0.9150398291580079,
        "GGD": 0.016666666666666666,
        "PGD": 0.28524590163934427,
        "Time(s)": 180.62657467900135,
        "LLM Invocations": 405,
        "Total Tokens": 93999,
        "llm_timeouts": 0,
        "failed_invocations": 0,
        "failure_rate": 0.0
    },
    "parsed_loghub_ecs": {
        "PMSS": 0.0,
        "GA": 1.0,
        "FGA": 1.0,
        "PA": 1.0,
        "FTA": 1.0,
        "ED": 0.0,
        "NED": 1.0,
        "GGD": 0.0,
        "PGD": 0.0,
        "Time(s)": 0.013145092001650482,
        "LLM Invocations": 1,
        "Total Tokens": 0,
        "llm_timeouts": 0,
        "failed_invocations": 0,
        "failure_rate": 0.0
    }
}