{
    "logbatcher": {
        "PMSS": -0.7617656906749993,
        "GA": 0.0,
        "FGA": 0.0,
        "PA": 0.0,
        "FTA": 0.0,
        "ED": 0.0,
        "NED": 0.0,
        "GGD": 0.0,
        "PGD": 0.0,
        "Time(s)": 7200.706756754997,
        "LLM Invocations": 487,
        "Total Tokens": 250692,
        "llm_timeouts": 0,
        "failed_invocations": 0,
        "failure_rate": 0.0,
        "cache_hits": 2012,
        "log_volume": 2083056,
        "cache_hit_rate": 0.0009658885790876482,
        "throughput_pps": 289.28493693287555
    }
}