{
    "librelog": {
        "PMSS": 0.8202764976958525,
        "GA": 0.9907834101382489,
        "FGA": 0.9769230769230769,
        "PA": 0.07834101382488479,
        "FTA": 0.06870229007633588,
        "ED": 15.728110599078342,
        "NED": 0.7291969209427152,
        "GGD": 0.015267175572519083,
        "PGD": 0.13178294573643412,
        "Time(s)": 457.94402761899937,
        "LLM Invocations": 878,
        "Total Tokens": 315678
    }
}