{
    "librelog": {
        "PMSS": 0.005385432475911361,
        "GA": 0.0,
        "FGA": 0.0,
        "PA": 0.0,
        "FTA": 0.0,
        "ED": 0.0,
        "NED": 0.0,
        "GGD": 0.0,
        "PGD": 0.0,
        "Time(s)": 7202.944673692999,
        "LLM Invocations": 1318,
        "Total Tokens": 1665526,
        "llm_timeouts": 0,
        "failed_invocations": 0,
        "failure_rate": 0.0,
        "cache_hits": 0,
        "log_volume": 2083056,
        "cache_hit_rate": 0.0,
        "throughput_pps": 289.195057628008
    }
}