{
    "summary": {
        "logbatcher": {
            "FGA": 0.2087725263515811,
            "PA": 0.284338123143614,
            "PMSS": 0.9122,
            "FTA": 0.31235955056179776,
            "GA": 0.6327366139519949,
            "Time_s": 251.2687523880013,
            "LLM_Calls": 143,
            "Tokens": 330508,
            "llm_timeouts": 0,
            "failed_invocations": 0,
            "failure_rate": 0.0
        },
        "librelog": {
            "FGA": 0.9454545454545454,
            "PA": 0.5529091262891613,
            "PMSS": 0.996,
            "FTA": 0.54,
            "GA": 0.9606538237011092,
            "Time_s": 180.62657467900135,
            "LLM_Calls": 405,
            "Tokens": 93999,
            "llm_timeouts": 0,
            "failed_invocations": 0,
            "failure_rate": 0.0
        },
        "parsed_loghub_ecs": {
            "FGA": 1.0,
            "PA": 1.0,
            "PMSS": 0.0,
            "FTA": 1.0,
            "GA": 1.0,
            "Time_s": 0.013145092001650482,
            "LLM_Calls": 1,
            "Tokens": 0,
            "llm_timeouts": 0,
            "failed_invocations": 0,
            "failure_rate": 0.0
        }
    },
    "correlation_matrix": {
        "pmss_fga": -0.5,
        "pmss_fta": -0.5,
        "fga_fta": 1.0
    },
    "visualizations": {
        "radar_chart": {
            "logbatcher": {
                "FGA": 0.2087725263515811,
                "PA": 0.284338123143614,
                "PMSS": 0.9122,
                "FTA": 0.31235955056179776
            },
            "librelog": {
                "FGA": 0.9454545454545454,
                "PA": 0.5529091262891613,
                "PMSS": 0.996,
                "FTA": 0.54
            },
            "parsed_loghub_ecs": {
                "FGA": 1.0,
                "PA": 1.0,
                "PMSS": 0.0,
                "FTA": 1.0
            }
        },
        "scatter_plot": {
            "logbatcher": {
                "effectiveness": {
                    "PMSS": 0.9122,
                    "FGA": 0.2087725263515811
                },
                "efficiency": {
                    "Time_s": 251.2687523880013,
                    "Tokens": 330508
                }
            },
            "librelog": {
                "effectiveness": {
                    "PMSS": 0.996,
                    "FGA": 0.9454545454545454
                },
                "efficiency": {
                    "Time_s": 180.62657467900135,
                    "Tokens": 93999
                }
            },
            "parsed_loghub_ecs": {
                "effectiveness": {
                    "PMSS": 0.0,
                    "FGA": 1.0
                },
                "efficiency": {
                    "Time_s": 0.013145092001650482,
                    "Tokens": 0
                }
            }
        },
        "grouped_bar_chart_sensitivity": {
            "logbatcher": {
                "raw": {
                    "PA": 0.284338123143614,
                    "FTA": 0.31235955056179776
                },
                "spaced": {
                    "PA": 0.284338123143614,
                    "FTA": 0.31235955056179776
                },
                "lowercase": {
                    "PA": 0.284338123143614,
                    "FTA": 0.31235955056179776
                },
                "regex_clean": {
                    "PA": 0.284338123143614,
                    "FTA": 0.31235955056179776
                }
            },
            "librelog": {
                "raw": {
                    "PA": 0.5529091262891613,
                    "FTA": 0.54
                },
                "spaced": {
                    "PA": 0.5529091262891613,
                    "FTA": 0.54
                },
                "lowercase": {
                    "PA": 0.5529091262891613,
                    "FTA": 0.54
                },
                "regex_clean": {
                    "PA": 0.5587468379062074,
                    "FTA": 0.5733333333333334
                }
            },
            "parsed_loghub_ecs": {
                "raw": {
                    "PA": 1.0,
                    "FTA": 1.0
                },
                "spaced": {
                    "PA": 1.0,
                    "FTA": 1.0
                },
                "lowercase": {
                    "PA": 1.0,
                    "FTA": 1.0
                },
                "regex_clean": {
                    "PA": 1.0,
                    "FTA": 1.0
                }
            }
        },
        "correlation_heatmap": {
            "logbatcher": {
                "PMSS": 0.9122,
                "FGA": 0.2087725263515811,
                "FTA": 0.31235955056179776
            },
            "librelog": {
                "PMSS": 0.996,
                "FGA": 0.9454545454545454,
                "FTA": 0.54
            },
            "parsed_loghub_ecs": {
                "PMSS": 0.0,
                "FGA": 1.0,
                "FTA": 1.0
            }
        },
        "line_graph_cache_scalability": {
            "logbatcher": {
                "history": []
            },
            "librelog": {
                "history": []
            },
            "parsed_loghub_ecs": {
                "history": [
                    {
                        "log_volume": 1,
                        "llm_invocations": 1,
                        "cache_hits": 0
                    },
                    {
                        "log_volume": 2,
                        "llm_invocations": 1,
                        "cache_hits": 1
                    },
                    {
                        "log_volume": 3,
                        "llm_invocations": 1,
                        "cache_hits": 2
                    }
                ]
            }
        }
    }
}