{
    "parsed_loghub_ecs": {
        "PMSS": 0.42857142857142855,
        "GA": 1.0,
        "FGA": 1.0,
        "PA": 0.42857142857142855,
        "FTA": 0.45454545454545453,
        "ED": 10.214285714285714,
        "NED": 0.9111803796135592,
        "GGD": 0.0,
        "PGD": 0.09090909090909091,
        "Time(s)": 92.08494143799908,
        "LLM Invocations": 26,
        "Total Tokens": 16402,
        "llm_timeouts": 0,
        "failed_invocations": 0,
        "failure_rate": 0.0
    }
}